name,size,about
NATAMST 72,1,A survey and analysis of issues affecting Native Americans in the 20th and 21st...
NATAMST N158,1,"This course will analyze the sociological, psychological, and literary aspects ..."
NATAMST 72,1,A survey and analysis of issues affecting Native Americans in the 20th and 21st...
NATAMST N158,1,"This course will analyze the sociological, psychological, and literary aspects ..."
NATAMST 72,1,A survey and analysis of issues affecting Native Americans in the 20th and 21st...
NATAMST N158,1,"This course will analyze the sociological, psychological, and literary aspects ..."
NATAMST 72,1,A survey and analysis of issues affecting Native Americans in the 20th and 21st...
NATAMST N158,1,"This course will analyze the sociological, psychological, and literary aspects ..."
NATAMST 72,1,A survey and analysis of issues affecting Native Americans in the 20th and 21st...
NATAMST N158,1,"This course will analyze the sociological, psychological, and literary aspects ..."
